Patient_ID,Site_ID,Study_Arm
P0001,S008,Placebo
P0002,S007,Treatment A
P0003,S006,Treatment B
P0004,S010,Treatment B
P0005,S001,Treatment B
P0006,S010,Treatment A
P0007,S008,Treatment B
P0008,S004,Placebo
P0009,S004,Treatment B
P0010,S007,Treatment B
P0011,S001,Placebo
P0012,S007,Placebo
P0013,S005,Treatment A
P0014,S007,Treatment B
P0015,S002,Placebo
P0016,S006,Treatment A
P0017,S008,Placebo
P0018,S001,Treatment A
P0019,S010,Treatment B
P0020,S010,Treatment B
P0021,S003,Placebo
P0022,S006,Treatment B
P0023,S009,Treatment A
P0024,S008,Placebo
P0025,S005,Treatment B
P0026,S001,Placebo
P0027,S009,Treatment A
P0028,S003,Treatment B
P0029,S004,Treatment B
P0030,S004,Treatment B
P0031,S009,Placebo
P0032,S008,Treatment A
P0033,S008,Placebo
P0034,S006,Treatment B
P0035,S003,Treatment B
P0036,S007,Treatment B
P0037,S008,Treatment B
P0038,S008,Treatment A
P0039,S008,Placebo
P0040,S006,Treatment A
P0041,S010,Placebo
P0042,S010,Treatment A
P0043,S005,Placebo
P0044,S007,Treatment A
P0045,S003,Treatment B
P0046,S006,Placebo
P0047,S004,Treatment A
P0048,S006,Treatment B
P0049,S006,Placebo
P0050,S005,Placebo
P0051,S004,Treatment A
P0052,S008,Placebo
P0053,S004,Placebo
P0054,S007,Treatment A
P0055,S003,Treatment A
P0056,S002,Treatment B
P0057,S008,Treatment B
P0058,S007,Treatment B
P0059,S005,Treatment B
P0060,S002,Treatment A
P0061,S007,Treatment A
P0062,S005,Placebo
P0063,S008,Placebo
P0064,S009,Placebo
P0065,S004,Treatment A
P0066,S004,Treatment A
P0067,S003,Treatment B
P0068,S005,Treatment B
P0069,S002,Treatment B
P0070,S008,Treatment B
P0071,S009,Treatment A
P0072,S002,Placebo
P0073,S009,Treatment A
P0074,S005,Treatment A
P0075,S007,Treatment A
P0076,S008,Treatment A
P0077,S006,Treatment A
P0078,S003,Placebo
P0079,S007,Placebo
P0080,S010,Treatment A
P0081,S006,Placebo
P0082,S006,Treatment A
P0083,S004,Placebo
P0084,S005,Placebo
P0085,S004,Treatment B
P0086,S006,Treatment B
P0087,S010,Treatment B
P0088,S010,Placebo
P0089,S007,Treatment B
P0090,S007,Treatment B
P0091,S004,Placebo
P0092,S009,Placebo
P0093,S007,Placebo
P0094,S009,Placebo
P0095,S010,Treatment A
P0096,S010,Treatment A
P0097,S002,Placebo
P0098,S003,Treatment B
P0099,S002,Placebo
P0100,S010,Treatment A
P0101,S005,Treatment A
P0102,S009,Treatment A
P0103,S008,Placebo
P0104,S009,Treatment B
P0105,S004,Treatment B
P0106,S009,Placebo
P0107,S002,Placebo
P0108,S001,Treatment B
P0109,S004,Treatment B
P0110,S001,Treatment B
P0111,S002,Placebo
P0112,S005,Placebo
P0113,S004,Placebo
P0114,S005,Placebo
P0115,S005,Placebo
P0116,S001,Placebo
P0117,S001,Treatment B
P0118,S008,Treatment B
P0119,S002,Treatment A
P0120,S009,Placebo
P0121,S006,Treatment B
P0122,S009,Placebo
P0123,S001,Treatment A
P0124,S004,Treatment A
P0125,S006,Placebo
P0126,S004,Treatment B
P0127,S001,Treatment B
P0128,S002,Placebo
P0129,S010,Placebo
P0130,S010,Treatment B
P0131,S009,Treatment B
P0132,S005,Treatment B
P0133,S003,Treatment B
P0134,S006,Treatment A
P0135,S001,Treatment B
P0136,S006,Treatment B
P0137,S008,Treatment B
P0138,S005,Placebo
P0139,S004,Treatment A
P0140,S003,Placebo
P0141,S002,Treatment A
P0142,S008,Treatment B
P0143,S001,Treatment A
P0144,S004,Placebo
P0145,S002,Treatment A
P0146,S005,Placebo
P0147,S009,Treatment B
P0148,S005,Treatment A
P0149,S005,Placebo
P0150,S007,Treatment A
P0151,S006,Placebo
P0152,S009,Treatment B
P0153,S010,Placebo
P0154,S003,Treatment A
P0155,S001,Placebo
P0156,S007,Placebo
P0157,S004,Treatment A
P0158,S006,Treatment A
P0159,S006,Placebo
P0160,S002,Treatment B
P0161,S007,Treatment A
P0162,S003,Treatment B
P0163,S003,Placebo
P0164,S008,Treatment A
P0165,S009,Treatment B
P0166,S009,Treatment A
P0167,S007,Treatment A
P0168,S008,Treatment B
P0169,S008,Treatment A
P0170,S006,Placebo
P0171,S008,Treatment A
P0172,S006,Treatment B
P0173,S005,Treatment A
P0174,S004,Treatment B
P0175,S004,Treatment A
P0176,S006,Placebo
P0177,S005,Treatment B
P0178,S001,Placebo
P0179,S008,Placebo
P0180,S007,Placebo
P0181,S001,Treatment A
P0182,S008,Placebo
P0183,S010,Placebo
P0184,S009,Treatment A
P0185,S007,Treatment A
P0186,S007,Placebo
P0187,S002,Treatment A
P0188,S007,Treatment B
P0189,S004,Placebo
P0190,S005,Treatment B
P0191,S007,Placebo
P0192,S001,Treatment B
P0193,S006,Treatment A
P0194,S002,Treatment A
P0195,S003,Treatment A
P0196,S003,Placebo
P0197,S007,Treatment B
P0198,S002,Treatment A
P0199,S008,Treatment B
P0200,S010,Treatment A
P0201,S005,Placebo
P0202,S006,Placebo
P0203,S010,Treatment A
P0204,S008,Treatment B
P0205,S005,Placebo
P0206,S010,Placebo
P0207,S001,Treatment A
P0208,S004,Treatment B
P0209,S004,Treatment A
P0210,S001,Treatment B
P0211,S001,Treatment A
P0212,S006,Treatment A
P0213,S005,Treatment B
P0214,S007,Treatment B
P0215,S007,Treatment B
P0216,S001,Placebo
P0217,S001,Treatment B
P0218,S008,Treatment A
P0219,S010,Treatment B
P0220,S007,Treatment A
P0221,S010,Treatment A
P0222,S003,Placebo
P0223,S009,Treatment A
P0224,S004,Treatment B
P0225,S008,Treatment A
P0226,S002,Placebo
P0227,S009,Treatment A
P0228,S002,Placebo
P0229,S001,Treatment B
P0230,S009,Placebo
P0231,S009,Placebo
P0232,S003,Placebo
P0233,S006,Placebo
P0234,S001,Treatment B
P0235,S003,Placebo
P0236,S006,Placebo
P0237,S006,Placebo
P0238,S009,Treatment A
P0239,S003,Placebo
P0240,S006,Treatment B
P0241,S002,Treatment A
P0242,S003,Treatment B
P0243,S007,Treatment A
P0244,S006,Treatment B
P0245,S010,Placebo
P0246,S004,Treatment A
P0247,S008,Treatment B
P0248,S005,Placebo
P0249,S005,Treatment A
P0250,S007,Placebo
